start, end, dbtime1, dbtime2, dbtime3, dbtime4, dbtime5
1643143082309, 1643143093541, 916, 0, 339, 549, 33
1643143082730, 1643143096623, 1404, 0, 358, 993, 42
1643143083207, 1643143104424, 1507, 0, 263, 3657, 2867
1643143083678, 1643143096281, 1298, 0, 267, 765, 51
1643143085323, 1643143097716, 942, 0, 215, 1180, 56
1643143085767, 1643143098205, 936, 0, 100, 1311, 14
1643143086358, 1643143104349, 1251, 0, 373, 4655, 74
1643143086794, 1643143117567, 1514, 0, 285, 16751, 14
1643143088443, 1643143107696, 1402, 0, 221, 4878, 123
1643143086828, 1643143100902, 1027, 0, 214, 2375, 100
1643143088298, 1643143103622, 1408, 0, 169, 2601, 384
1643143089710, 1643143114834, 1707, 0, 475, 4261, 6274
1643143088271, 1643143104348, 1211, 0, 197, 4789, 75
1643143089848, 1643143121092, 1407, 0, 418, 10158, 5605
1643143090364, 1643143114833, 1478, 0, 507, 4327, 6276
1643143090733, 1643143107503, 1342, 0, 332, 4933, 62
1643143090290, 1643143109521, 1481, 0, 227, 5963, 95
1643143093881, 1643143127338, 1900, 0, 357, 14400, 3904
1643143091264, 1643143114833, 1327, 0, 470, 4178, 6487
1643143093895, 1643143119413, 1504, 0, 408, 10172, 297
1643143093347, 1643143121089, 1476, 0, 203, 10208, 5603
1643143093781, 1643143121090, 1599, 0, 491, 7426, 5601
1643143096327, 1643143127338, 2301, 0, 240, 11053, 3922
1643143093753, 1643143116504, 1034, 0, 1355, 9240, 14
1643143094308, 1643143124114, 1409, 0, 694, 10097, 5722
1643143096870, 1643143127339, 3344, 0, 493, 11796, 4543
1643143097372, 1643143133113, 1730, 0, 248, 21157, 96
1643143096707, 1643143119022, 1245, 0, 453, 1609, 8834
1643143096227, 1643143127338, 1429, 0, 584, 15826, 2293
1643143097728, 1643143128427, 4421, 0, 341, 12360, 29
1643143097307, 1643143127338, 1588, 0, 266, 12351, 4167
1643143099754, 1643143149863, 1811, 0, 238, 27850, 9426
1643143100379, 1643143129593, 4369, 0, 890, 10933, 226
1643143099916, 1643143150064, 5718, 0, 605, 24897, 8334
1643143093988, 1643143108268, 622, 0, 145, 5908, 41
1643143100795, 1643143150066, 2234, 0, 288, 23296, 10127
1643143102344, 1643143150065, 1656, 0, 736, 23688, 8353
1643143100827, 1643143128862, 3823, 0, 334, 12862, 1389
1643143103231, 1643143124206, 1617, 0, 215, 3905, 87
1643143096505, 1643143121090, 146, 0, 329, 9607, 5604
1643143097013, 1643143121089, 1124, 0, 444, 7532, 5603
1643143102728, 1643143127338, 1473, 0, 282, 6886, 2451
1643143098006, 1643143116670, 139, 0, 461, 9876, 14
1643143098507, 1643143109852, 1895, 0, 559, 741, 103
1643143103206, 1643143150064, 1361, 0, 924, 24082, 8084
1643143104782, 1643143142741, 1529, 0, 325, 24130, 65
1643143106218, 1643143143047, 12204, 0, 469, 2879, 6776
1643143105821, 1643143129591, 1319, 0, 417, 11782, 227
1643143101007, 1643143127339, 439, 0, 241, 12650, 4168
1643143106851, 1643143150066, 11892, 0, 218, 12888, 6047
1643143109246, 1643143153121, 9665, 0, 308, 12308, 7413
1643143106782, 1643143141728, 11515, 0, 571, 2941, 6813
1643143109225, 1643143166284, 9791, 0, 368, 31042, 2680
1643143109860, 1643143150068, 10027, 0, 352, 12143, 6051
1643143104020, 1643143150070, 521, 0, 451, 26842, 9629
1643143104516, 1643143127338, 2972, 0, 160, 3948, 3730
1643143105026, 1643143150063, 960, 0, 252, 24132, 9626
1643143105526, 1643143150066, 3457, 0, 498, 23551, 8428
1643143112287, 1643143161084, 12247, 0, 243, 15088, 11737
1643143113897, 1643143142620, 919, 0, 722, 16835, 81
1643143112243, 1643143143206, 1391, 0, 748, 17450, 71
1643143107519, 1643143150063, 252, 0, 228, 23890, 9626
1643143108032, 1643143124046, 988, 0, 342, 3999, 182
1643143108531, 1643143150068, 6180, 0, 234, 17345, 9631
1643143114268, 1643143166284, 9688, 0, 1148, 27139, 2679
1643143109534, 1643143150065, 8333, 0, 216, 14666, 8335
1643143110034, 1643143133070, 389, 0, 231, 15004, 55
1643143116786, 1643143136063, 2156, 0, 453, 2787, 178
1643143118280, 1643143157297, 5819, 0, 305, 17237, 216
1643143116721, 1643143143713, 2094, 0, 577, 12367, 87
1643143118216, 1643143154521, 6414, 0, 393, 15985, 49
1643143114845, 1643143161084, 10438, 0, 211, 15109, 11736
1643143114853, 1643143161084, 10430, 0, 305, 15112, 11735
1643143114856, 1643143143046, 365, 0, 569, 16179, 849
1643143116522, 1643143150063, 174, 0, 369, 16929, 8334
1643143116715, 1643143150063, 118, 0, 223, 16584, 8242
1643143117590, 1643143143562, 231, 0, 214, 14509, 37
1643143119032, 1643143143204, 1474, 0, 170, 15065, 71
1643143119427, 1643143170813, 1082, 0, 272, 31229, 8733
1643143121103, 1643143135993, 4195, 0, 225, 2801, 111
1643143121105, 1643143166283, 4192, 0, 874, 26108, 2678
1643143121105, 1643143152390, 3884, 0, 357, 18250, 103
1643143121111, 1643143170814, 4188, 0, 349, 27848, 8736
1643143121115, 1643143166283, 4182, 0, 465, 29071, 2679
1643143124059, 1643143166284, 634, 0, 243, 27930, 2678
1643143124127, 1643143161658, 1340, 0, 385, 15558, 11454
1643143124222, 1643143166282, 1087, 0, 436, 26659, 2675
1643143127349, 1643143170813, 13315, 0, 1684, 10761, 7806
1643143127354, 1643143184176, 13406, 0, 2321, 24979, 6779
1643143127354, 1643143166282, 2153, 0, 393, 25057, 2677
1643143127357, 1643143170812, 13990, 0, 2820, 11146, 8669
1643143127357, 1643143184176, 13990, 0, 1340, 24671, 6778
1643143127365, 1643143157396, 2074, 0, 199, 17571, 100
1643143127365, 1643143166282, 2136, 0, 296, 25097, 2677
1643143127366, 1643143170812, 2143, 0, 618, 24758, 8736
1643143128440, 1643143166282, 597, 0, 3216, 19812, 2964
1643143128871, 1643143153120, 648, 0, 719, 15272, 550
1643143129602, 1643143166283, 534, 0, 415, 26815, 1638
1643143129608, 1643143166284, 533, 0, 3129, 19570, 2604
1643143133086, 1643143166281, 227, 0, 2255, 20593, 3081
1643143133145, 1643143166283, 337, 0, 858, 18985, 2787
1643143136005, 1643143166281, 639, 0, 374, 19268, 3081
1643143136076, 1643143160476, 543, 0, 267, 11161, 1894
1643143141739, 1643143166181, 9272, 0, 543, 5959, 73
1643143142631, 1643143184174, 381, 0, 1344, 25388, 6779
1643143142753, 1643143184176, 287, 0, 323, 24575, 6779
1643143143058, 1643143184179, 875, 0, 216, 22810, 6781
1643143143059, 1643143175888, 1107, 0, 857, 20704, 115
1643143143216, 1643143184175, 726, 0, 516, 24993, 6781
1643143143221, 1643143185889, 741, 0, 256, 24287, 7764
1643143143576, 1643143172348, 797, 0, 665, 17076, 18
1643143143723, 1643143184174, 698, 0, 268, 25234, 6779
1643143149873, 1643143199997, 12231, 0, 354, 28929, 118
1643143150074, 1643143185885, 12030, 0, 1559, 7085, 5527
1643143150085, 1643143199997, 11909, 0, 651, 28427, 117
1643143150085, 1643143187751, 12014, 0, 227, 16471, 52
1643143150088, 1643143187820, 12017, 0, 552, 16911, 27
1643143150089, 1643143187593, 12009, 0, 1578, 13128, 78
1643143150089, 1643143199999, 12014, 0, 542, 28569, 117
1643143150101, 1643143200000, 11997, 0, 2261, 25738, 118
1643143150101, 1643143196529, 11998, 0, 712, 22319, 2651
1643143150101, 1643143200001, 11892, 0, 749, 27220, 121
1643143150106, 1643143200020, 11994, 0, 636, 28518, 140
1643143150106, 1643143199999, 11993, 0, 314, 29136, 120
1643143150106, 1643143200000, 11993, 0, 1296, 27273, 121
1643143150107, 1643143185885, 11887, 0, 1664, 6779, 5594
1643143150107, 1643143199998, 11886, 0, 629, 28139, 118
1643143152404, 1643143184175, 384, 0, 2051, 13646, 6779
1643143153130, 1643143184174, 601, 0, 2161, 13881, 6780
1643143153133, 1643143175825, 598, 0, 453, 11034, 54
1643143154534, 1643143196435, 772, 0, 413, 19995, 9778
1643143157310, 1643143196435, 6498, 0, 793, 9820, 10375
1643143157411, 1643143196434, 825, 0, 279, 17709, 9778
1643143160492, 1643143200002, 271, 0, 636, 28511, 111
1643143161099, 1643143196550, 373, 0, 634, 25268, 20
1643143161100, 1643143187790, 150, 0, 556, 15237, 91
1643143161102, 1643143200002, 147, 0, 2044, 25910, 123
1643143161669, 1643143200000, 481, 0, 1153, 25577, 121
1643143166199, 1643143196430, 706, 0, 280, 9444, 10376
1643143166292, 1643143176750, 622, 0, 415, 1608, 33
1643143166295, 1643143185885, 601, 0, 590, 5762, 5044
1643143166297, 1643143196264, 399, 0, 272, 10709, 9614
1643143166298, 1643143196437, 615, 0, 238, 10346, 9787
1643143166298, 1643143200000, 398, 0, 324, 22072, 119
1643143166301, 1643143200010, 595, 0, 424, 21771, 130
1643143166304, 1643143196430, 611, 0, 307, 10314, 9780
1643143166304, 1643143200000, 591, 0, 277, 21885, 119
1643143166305, 1643143185885, 391, 0, 648, 4747, 6270
1643143166310, 1643143200001, 587, 0, 319, 21656, 110
1643143166310, 1643143196431, 387, 0, 414, 10512, 9780
1643143166310, 1643143200003, 602, 0, 197, 21650, 121
1643143166316, 1643143200000, 580, 0, 463, 21128, 119
1643143166316, 1643143200000, 599, 0, 519, 22322, 118
1643143170823, 1643143199999, 913, 0, 237, 19645, 118
1643143170825, 1643143206425, 1165, 0, 1081, 22341, 233
1643143170825, 1643143199997, 911, 0, 227, 19954, 118
1643143170825, 1643143200440, 1166, 0, 1134, 16346, 194
1643143170829, 1643143196550, 907, 0, 600, 15240, 21
1643143172623, 1643143199389, 189, 0, 499, 14816, 408
1643143175835, 1643143217776, 10150, 0, 1239, 13773, 6821
1643143175903, 1643143206090, 10082, 0, 1407, 7993, 520
1643143176762, 1643143210892, 1829, 0, 2224, 22070, 114
1643143184183, 1643143221736, 12987, 0, 874, 14074, 82
1643143184186, 1643143210807
1643143184186, 1643143218187, 12974, 0, 684, 9692, 20
1643143184190, 1643143210835
1643143184191, 1643143221735, 12949, 0, 183, 13064, 82
1643143184193, 1643143218728, 12977, 0, 406, 11168, 102
1643143184193, 1643143221732, 12978, 0, 383, 12157, 148
1643143184199, 1643143218729, 12940, 0, 409, 11368, 102
1643143184200, 1643143218720, 12937, 0, 358, 9631, 100
1643143185896, 1643143210808
1643143185898, 1643143216551, 11272, 0, 222, 10760, 20
1643143185899, 1643143221734, 11240, 0, 920, 14481, 82
1643143185900, 1643143221732, 11263, 0, 497, 11602, 148
1643143185902, 1643143210792
1643143187605, 1643143210782, 476, 0, 947, 5723, 8573
1643143187759, 1643143217775, 840, 0, 350, 14162, 6820
1643143187799, 1643143217776, 847, 0, 362, 14065, 6821
1643143187828, 1643143210783, 818, 0, 544, 5826, 8338
1643143196341, 1643143221734, 835, 0, 399, 13602, 81
1643143196492, 1643143220503, 6277, 0, 373, 7117, 85
1643143196492, 1643143218728, 699, 0, 348, 8537, 102
1643143196492, 1643143229762, 6278, 0, 809, 13383, 1989
1643143196492, 1643143230241, 6279, 0, 492, 8345, 8406
1643143196496, 1643143220818, 6274, 0, 381, 7173, 92
1643143196498, 1643143218728, 4343, 0, 654, 6405, 99
1643143196503, 1643143218728, 4339, 0, 209, 6004, 107
1643143196538, 1643143218728, 703, 0, 408, 10856, 108
1643143196560, 1643143221732, 3105, 0, 347, 11301, 147
1643143196564, 1643143221284, 2978, 0, 365, 7916, 4176
1643143199406, 1643143221735, 316, 0, 276, 10731, 82
1643143200027, 1643143218187, 1576, 0, 672, 7576, 18
1643143200028, 1643143221736, 1753, 0, 700, 10795, 84
1643143200028, 1643143220818, 1985, 0, 434, 7755, 90
1643143200038, 1643143221734, 1984, 0, 347, 10161, 81
1643143200038, 1643143221282, 648, 0, 208, 8975, 3357
1643143200038, 1643143218263, 1525, 0, 801, 7544, 95
1643143200038, 1643143214899, 1975, 0, 590, 3151, 13
1643143200072, 1643143218728, 623, 0, 406, 5920, 101
1643143200074, 1643143221734, 620, 0, 220, 9479, 146
1643143200078, 1643143220820, 674, 0, 580, 7698, 95
1643143200078, 1643143218708, 1946, 0, 396, 5759, 54
1643143200086, 1643143221733, 669, 0, 238, 9289, 148
1643143200086, 1643143218187, 2833, 0, 403, 4423, 45
1643143200086, 1643143220818, 1701, 0, 487, 7332, 90
1643143200086, 1643143221453, 609, 0, 595, 7825, 638
1643143200091, 1643143235968, 1698, 0, 1258, 21555, 165
1643143200099, 1643143221736, 1927, 0, 311, 8326, 82
1643143200099, 1643143218728, 1474, 0, 305, 5953, 101
1643143200100, 1643143218710, 1505, 0, 440, 5498, 55
1643143200100, 1643143218728, 1487, 0, 270, 6360, 105
1643143200103, 1643143218728, 1922, 0, 333, 5688, 105
1643143200473, 1643143229710, 4115, 0, 283, 14502, 66
1643143206105, 1643143229595, 490, 0, 290, 9281, 2333
1643143206435, 1643143229763, 1013, 0, 172, 9195, 2500
1643143210797, 1643143237110, 554, 0, 652, 17930, 13
1643143210797, 1643143246494, 655, 0, 279, 20588, 6408
1643143210804, 1643143237020, 200, 0, 872, 17330, 79
1643143210820, 1643143246495, 631, 0, 448, 20104, 6408
1643143210822, 1643143237111, 630, 0, 538, 16960, 13
1643143210847, 1643143246952, 6995, 0, 1001, 18669, 13
1643143210901, 1643143246494, 7053, 0, 1528, 13651, 6407
1643143214911, 1643143235889, 194, 0, 749, 12610, 87
1643143216561, 1643143248774, 5932, 0, 741, 10016, 8050
1643143217787, 1643143248773, 6971, 0, 353, 8221, 8050
1643143217789, 1643143248773, 6968, 0, 307, 8294, 8050
1643143217794, 1643143261522, 5357, 0, 469, 27639, 31
1643143218198, 1643143238964, 1283, 0, 429, 11191, 24
1643143218200, 1643143246494, 1288, 0, 627, 11884, 7145
1643143218204, 1643143248771, 1477, 0, 1339, 9912, 8047
1643143218273, 1643143246494, 1433, 0, 226, 11974, 7143
1643143218721, 1643143248327, 739, 0, 566, 8595, 7790
1643143218729, 1643143261522, 6898, 0, 550, 25356, 32
1643143218729, 1643143248772, 1041, 0, 215, 9932, 8050
1643143202524, 1643143229698, 1648, 0, 493, 12817, 56
1643143202620, 1643143229721, 1556, 0, 492, 13111, 78
1643143202999, 1643143229763, 1843, 0, 452, 9620, 2170
1643143201425, 1643143230095, 4149, 0, 528, 12885, 1326
1643143218744, 1643143248132, 716, 0, 156, 19474, 148
1643143218744, 1643143248771, 766, 0, 345, 9834, 8049
1643143218744, 1643143248772, 1027, 0, 416, 9731, 8050
1643143218744, 1643143248771, 1030, 0, 1052, 10380, 8047
1643143218749, 1643143248771, 713, 0, 1113, 10702, 8047
1643143218750, 1643143266810, 6809, 0, 507, 29107, 3202
1643143218751, 1643143266810, 6750, 0, 944, 28466, 3202
1643143218751, 1643143248773, 1021, 0, 947, 10689, 8049
1643143218753, 1643143261613, 7280, 0, 1228, 17990, 7726
1643143218755, 1643143248773, 1017, 0, 1029, 10705, 8048
1643143220517, 1643143248771, 301, 0, 559, 9289, 8047
1643143220830, 1643143248773, 1935, 0, 1359, 7040, 8049
1643143220831, 1643143261614, 930, 0, 736, 21244, 8841
1643143220832, 1643143248772, 1949, 0, 438, 6672, 8048
1643143220832, 1643143248102, 1807, 0, 741, 5883, 7564
1643143221551, 1643143248771, 1522, 0, 1063, 7368, 8048
1643143221552, 1643143248771, 1189, 0, 1988, 8348, 8049
1643143221552, 1643143261567, 1529, 0, 377, 27907, 75
1643143221744, 1643143260853, 8961, 0, 267, 9534, 10344
1643143221744, 1643143266810, 8898, 0, 245, 24228, 3201
1643143221744, 1643143261591, 8899, 0, 305, 12634, 8817
1643143221744, 1643143266813, 8963, 0, 283, 21875, 4167
1643143221748, 1643143261614, 8957, 0, 196, 14341, 7725
1643143221752, 1643143261521, 8892, 0, 476, 20738, 32
1643143221753, 1643143261616, 8954, 0, 344, 10973, 7836
1643143221753, 1643143260668, 8951, 0, 283, 16690, 5675
1643143221753, 1643143261592, 8890, 0, 141, 14435, 8820
1643143221759, 1643143261522, 8881, 0, 271, 17775, 32
1643143221760, 1643143261591, 8593, 0, 159, 12863, 8819
1643143221760, 1643143260426, 8948, 0, 283, 16784, 5433
1643143221763, 1643143243733, 8898, 0, 245, 3266, 18
1643143229654, 1643143258855, 815, 0, 283, 11873, 4944
1643143229723, 1643143266810, 9290, 0, 303, 14049, 3202
1643143229773, 1643143259317, 466, 0, 504, 8432, 9858
1643143229779, 1643143262721, 458, 0, 424, 22284, 18
1643143230254, 1643143261616, 425, 0, 272, 9882, 7761
1643143235900, 1643143265780, 4015, 0, 241, 18407, 38
1643143235982, 1643143267418, 493, 0, 212, 19157, 113
1643143237032, 1643143266810, 173, 0, 308, 19055, 3289
1643143237122, 1643143271226, 14024, 0, 3241, 8657, 70
1643143237124, 1643143266809, 116, 0, 212, 19112, 3287
1643143238974, 1643143261522, 359, 0, 360, 14596, 32
1643143243748, 1643143287191, 15437, 0, 325, 10830, 8602
1643143246505, 1643143269947, 442, 0, 1532, 13104, 117
1643143246508, 1643143271842, 675, 0, 1469, 15109, 73
1643143246511, 1643143268929, 437, 0, 1162, 12643, 53
1643143246513, 1643143271844, 435, 0, 1537, 14943, 75
1643143246515, 1643143271262, 669, 0, 1473, 14406, 90
1643143246963, 1643143271845, 531, 0, 320, 14716, 74
1643143248119, 1643143267597, 3139, 0, 1276, 4829, 100
1643143248143, 1643143267597, 5684, 0, 715, 4120, 101
1643143248341, 1643143267418, 324, 0, 3583, 4514, 111
1643143248782, 1643143282094, 10957, 0, 311, 11944, 22
1643143248784, 1643143288212, 10956, 0, 545, 11582, 7723
1643143248783, 1643143282228, 10972, 0, 428, 10364, 29
1643143248785, 1643143288212, 10955, 0, 214, 8616, 7723
1643143248788, 1643143287192, 10862, 0, 425, 6377, 8601
1643143248788, 1643143287194, 10965, 0, 239, 7023, 8603
1643143248790, 1643143287192, 10949, 0, 427, 8827, 8601
1643143248793, 1643143287193, 10958, 0, 816, 5836, 8600
1643143248794, 1643143287192, 10960, 0, 424, 6657, 8601
1643143248795, 1643143288212, 10856, 0, 240, 9107, 7723
1643143248796, 1643143287191, 10857, 0, 526, 6798, 8602
1643143248799, 1643143287193, 10851, 0, 245, 9119, 8812
1643143248800, 1643143279470, 10953, 0, 403, 3667, 4476
1643143248807, 1643143287192, 10932, 0, 408, 9935, 8603
1643143248807, 1643143273111, 10843, 0, 297, 5412, 117
1643143248811, 1643143273616, 10927, 0, 394, 5819, 54
1643143258869, 1643143287193, 862, 0, 405, 7158, 8602
1643143259329, 1643143292716, 4486, 0, 178, 14303, 4383
1643143260437, 1643143288211, 404, 0, 284, 10954, 7722
1643143260679, 1643143287191, 379, 0, 249, 9017, 8602
1643143260875, 1643143287194, 324, 0, 613, 5388, 8603
1643143261533, 1643143288213, 577, 0, 284, 8571, 7724
1643143261539, 1643143287192, 408, 0, 123, 5104, 8602
1643143261538, 1643143288210, 567, 0, 165, 9946, 7721
1643143261538, 1643143287194, 598, 0, 287, 5030, 8603
1643143261541, 1643143288212, 703, 0, 443, 6380, 7723
1643143261579, 1643143288213, 350, 0, 311, 7266, 7725
1643143261599, 1643143288210, 346, 0, 433, 9230, 7722
1643143261603, 1643143287192, 251, 0, 170, 8554, 8603
1643143261607, 1643143282407, 638, 0, 148, 9349, 63
1643143261624, 1643143292717, 618, 0, 207, 15347, 4387
1643143261627, 1643143292716, 648, 0, 321, 15071, 4402
1643143261627, 1643143292716, 577, 0, 384, 15504, 4400
1643143261628, 1643143288212, 576, 0, 159, 6653, 7723
1643143261628, 1643143282407, 574, 0, 186, 9143, 63
1643143262733, 1643143292717, 254, 0, 219, 14471, 4385
1643143265790, 1643143292715, 827, 0, 156, 14072, 4384
1643143266821, 1643143292716, 2434, 0, 233, 10823, 4385
1643143266824, 1643143292714, 2433, 0, 202, 10744, 4384
1643143266824, 1643143292718, 2687, 0, 279, 8778, 4387
1643143266825, 1643143292717, 1794, 0, 317, 10647, 4386
1643143266826, 1643143292715, 2433, 0, 368, 9538, 4385
1643143266830, 1643143292715, 2680, 0, 285, 9688, 4384
1643143266832, 1643143292715, 1705, 0, 207, 9149, 4384
1643143244815, 1643143282095, 14936, 0, 216, 10342, 20
1643143245312, 1643143271846, 608, 0, 1459, 14893, 76
1643143245822, 1643143268547, 336, 0, 1416, 12332, 64
1643143246322, 1643143267596, 389, 0, 1332, 11544, 100
1643143267641, 1643143282170, 948, 0, 132, 4210, 85
1643143267642, 1643143292716, 948, 0, 289, 8734, 4383
1643143267642, 1643143292716, 948, 0, 291, 8237, 4836
1643143267648, 1643143282173, 482, 0, 232, 3390, 86
1643143268941, 1643143292714, 92, 0, 119, 11483, 4384
1643143269957, 1643143292716, 4703, 0, 480, 6293, 4387
1643143271237, 1643143310331, 4560, 0, 135, 13067, 13536
1643143271271, 1643143310333, 4597, 0, 297, 12490, 13539
1643143271853, 1643143289991, 4077, 0, 217, 7055, 13
1643143271855, 1643143310332, 4264, 0, 185, 12984, 13538
1643143271857, 1643143310331, 4076, 0, 165, 12306, 13534
1643143273122, 1643143292204, 2724, 0, 152, 9301, 88
1643143273628, 1643143310330, 2210, 0, 246, 13020, 13536
1643143279487, 1643143311383, 4426, 0, 217, 15918, 828
1643143282113, 1643143296380, 1116, 0, 1097, 3171, 203
1643143282181, 1643143315301, 3122, 0, 174, 21202, 17
1643143282191, 1643143310331, 843, 0, 294, 7536, 9280
1643143282240, 1643143311383, 3264, 0, 1052, 15331, 828
1643143282421, 1643143311383, 2965, 0, 300, 16915, 829
1643143282424, 1643143311382, 3148, 0, 1196, 15243, 827
1643143287201, 1643143315301, 2190, 0, 160, 18349, 16
1643143287204, 1643143311380, 2187, 0, 804, 13552, 828
1643143287205, 1643143315300, 1993, 0, 232, 18684, 16
1643143287206, 1643143315304, 2108, 0, 612, 16923, 18
1643143287206, 1643143323051, 2184, 0, 609, 23004, 86
1643143287207, 1643143312619, 2107, 0, 693, 15540, 77
1643143287215, 1643143323051, 2177, 0, 1034, 20961, 86
1643143287215, 1643143323045, 2174, 0, 398, 23460, 84
1643143287216, 1643143315368, 2098, 0, 311, 15936, 82
1643143287220, 1643143323152, 2170, 0, 694, 22594, 190
1643143287220, 1643143317085, 2171, 0, 330, 15213, 136
1643143287226, 1643143315301, 2166, 0, 284, 15171, 15
1643143287229, 1643143324784, 2159, 0, 689, 23005, 755
1643143287230, 1643143327085, 2162, 0, 685, 25710, 50
1643143287233, 1643143315304, 2082, 0, 299, 15767, 19
1643143288221, 1643143318740, 4772, 0, 1102, 16450, 152
1643143288223, 1643143324784, 4822, 0, 686, 21446, 754
1643143288225, 1643143320940, 6215, 0, 1182, 17379, 12
1643143288227, 1643143323045, 6212, 0, 489, 17987, 84
1643143288227, 1643143323045, 4765, 0, 596, 20896, 84
1643143288227, 1643143320940, 4819, 0, 765, 16101, 12
1643143288229, 1643143323051, 4816, 0, 770, 17714, 84
1643143288231, 1643143312812, 6208, 0, 915, 7197, 192
1643143288233, 1643143327085, 4813, 0, 1099, 21726, 48
1643143288234, 1643143327084, 4811, 0, 1370, 21617, 49
1643143290001, 1643143315301, 353, 0, 443, 17235, 17
1643143292243, 1643143315261, 303, 0, 347, 14427, 51
1643143292728, 1643143323051, 657, 0, 1211, 18248, 85
1643143292728, 1643143311383, 567, 0, 1139, 5133, 827
1643143292729, 1643143324784, 662, 0, 403, 21543, 753
1643143292730, 1643143317255, 659, 0, 707, 14305, 14
1643143292734, 1643143323045, 657, 0, 1079, 20445, 85
1643143292734, 1643143327084, 658, 0, 767, 21320, 50
1643143292736, 1643143324784, 652, 0, 296, 19451, 752
1643143292736, 1643143317412, 566, 0, 471, 12634, 170
1643143292736, 1643143333253, 553, 0, 569, 20771, 6567
1643143292740, 1643143317085, 648, 0, 919, 11696, 136
1643143292741, 1643143327085, 563, 0, 922, 21882, 51
1643143292743, 1643143324783, 644, 0, 282, 19390, 753
1643143292743, 1643143320940, 561, 0, 1451, 16097, 12
1643143292745, 1643143310216, 1088, 0, 1343, 4559, 139
1643143292745, 1643143327085, 559, 0, 661, 21810, 50
1643143292750, 1643143311383, 554, 0, 626, 5016, 827
1643143292750, 1643143327085, 638, 0, 1427, 21952, 50
1643143296393, 1643143324711, 15162, 0, 350, 2105, 83
1643143310236, 1643143324711, 1559, 0, 342, 1983, 84
1643143310346, 1643143323730, 1229, 0, 337, 2900, 103
1643143310347, 1643143323045, 759, 0, 310, 2505, 86
1643143310349, 1643143327084, 759, 0, 253, 8118, 48
1643143310351, 1643143336146, 1456, 0, 326, 6276, 5049
1643143310352, 1643143327549, 1465, 0, 402, 5548, 744
1643143310352, 1643143336145, 1456, 0, 128, 12087, 5000
1643143311390, 1643143327084, 488, 0, 365, 6124, 50
1643143311398, 1643143323730, 481, 0, 312, 2932, 103
1643143311398, 1643143327085, 480, 0, 208, 6110, 51
1643143311398, 1643143327550, 546, 0, 242, 4559, 744
1643143311402, 1643143327084, 554, 0, 533, 3203, 49
1643143311406, 1643143329895, 471, 0, 238, 3921, 477
1643143311406, 1643143324664, 538, 0, 253, 1960, 85
1643143312648, 1643143327433, 374, 0, 253, 5078, 671
1643143312830, 1643143327084, 554, 0, 144, 2580, 51
1643143315276, 1643143334572, 1785, 0, 902, 7851, 1067
1643143315313, 1643143333575, 1748, 0, 927, 7941, 71
1643143315317, 1643143329497, 1743, 0, 986, 3520, 14
1643143315318, 1643143351306, 1599, 0, 338, 13131, 8454
1643143315318, 1643143333575, 1720, 0, 792, 7779, 71
1643143315318, 1643143333951, 1602, 0, 325, 6826, 964
1643143315324, 1643143348775, 1592, 0, 1096, 18608, 83
1643143315329, 1643143334779, 1706, 0, 585, 6585, 1272
1643143315380, 1643143351092, 1687, 0, 254, 8832, 14586
1643143317098, 1643143328155, 202, 0, 586, 1630, 104
1643143317099, 1643143334781, 298, 0, 305, 5403, 1275
1643143317265, 1643143333575, 194, 0, 507, 6879, 71
1643143317425, 1643143334780, 261, 0, 177, 4852, 1274
1643143318751, 1643143334914, 92, 0, 215, 7270, 135
1643143320951, 1643143348794, 377, 0, 731, 19686, 20
1643143320954, 1643143351306, 150, 0, 308, 11383, 10027
1643143320955, 1643143334954, 188, 0, 191, 2812, 173
1643143323061, 1643143354169, 2004, 0, 168, 21297, 51
1643143323064, 1643143334914, 1474, 0, 167, 2857, 135
1643143323065, 1643143357968, 1998, 0, 254, 23271, 124
1643143323067, 1643143357969, 1997, 0, 443, 23249, 118
1643143323066, 1643143334915, 706, 0, 282, 2510, 134
1643143323074, 1643143357971, 1990, 0, 403, 22615, 126
1643143323074, 1643143357103, 1464, 0, 336, 20811, 18
1643143323074, 1643143357970, 1988, 0, 761, 20895, 124
1643143323079, 1643143357972, 1987, 0, 316, 22717, 126
1643143323167, 1643143357105, 1905, 0, 258, 21920, 20
1643143323739, 1643143357969, 3637, 0, 201, 19629, 124
1643143323742, 1643143357098, 3608, 0, 729, 20855, 15
1643143324759, 1643143357970, 553, 0, 303, 22308, 125
1643143324759, 1643143357969, 490, 0, 859, 20413, 123
1643143324759, 1643143357103, 1029, 0, 446, 20313, 19
1643143324793, 1643143357099, 730, 0, 339, 23419, 16
1643143324801, 1643143357972, 878, 0, 171, 21221, 126
1643143324801, 1643143357101, 877, 0, 516, 22668, 18
1643143324801, 1643143357901, 851, 0, 320, 24294, 56
1643143324807, 1643143357096, 880, 0, 459, 23018, 13
1643143327093, 1643143357097, 900, 0, 219, 19571, 14
1643143327096, 1643143363061, 853, 0, 279, 20527, 6109
1643143327103, 1643143357976, 845, 0, 223, 18485, 130
1643143327103, 1643143361950, 890, 0, 479, 21720, 47
1643143327103, 1643143357969, 846, 0, 151, 20091, 120
1643143327109, 1643143357970, 465, 0, 260, 19988, 124
1643143308953, 1643143331370, 4549, 0, 380, 4253, 3657
1643143309446, 1643143324712, 2506, 0, 210, 2338, 83
1643143309952, 1643143327086, 1921, 0, 248, 4430, 50
1643143327111, 1643143357902, 464, 0, 297, 20228, 56
1643143327111, 1643143361951, 882, 0, 796, 20438, 48
1643143327114, 1643143357100, 460, 0, 253, 18241, 16
1643143327118, 1643143363491, 876, 0, 215, 19233, 6406
1643143327119, 1643143361950, 875, 0, 582, 21823, 47
1643143327119, 1643143357100, 875, 0, 244, 19166, 16
1643143327443, 1643143363062, 529, 0, 395, 21093, 6109
1643143327560, 1643143357968, 444, 0, 467, 19024, 122
1643143327564, 1643143361951, 803, 0, 377, 20459, 47
1643143328167, 1643143357901, 1940, 0, 478, 18489, 57
1643143329508, 1643143357900, 613, 0, 192, 19314, 56
1643143329910, 1643143361951, 3396, 0, 341, 17769, 48
1643143333269, 1643143368233, 613, 0, 360, 18733, 4481
1643143333586, 1643143361601, 1792, 0, 245, 17777, 40
1643143333590, 1643143357901, 1809, 0, 551, 14036, 56
1643143333590, 1643143361621, 1810, 0, 447, 17178, 29
1643143333965, 1643143365960, 284, 0, 231, 21185, 1544
1643143334780, 1643143361950, 910, 0, 432, 17334, 48
1643143334791, 1643143365961, 804, 0, 339, 19857, 1544
1643143334792, 1643143366422, 897, 0, 1845, 14655, 2669
1643143334793, 1643143368233, 802, 0, 243, 16651, 4481
1643143334928, 1643143365498, 477, 0, 231, 21869, 21
1643143334929, 1643143357901, 476, 0, 253, 13907, 57
1643143334934, 1643143361950, 471, 0, 433, 16336, 46
1643143334966, 1643143368233, 336, 0, 519, 17176, 4482
1643143336262, 1643143372099, 14971, 0, 701, 11853, 16
1643143336263, 1643143372172, 14915, 0, 445, 9747, 85
1643143348790, 1643143390862, 183, 0, 1263, 23351, 6829
1643143348803, 1643143365960, 176, 0, 662, 7967, 1544
1643143351107, 1643143390645, 8538, 0, 1650, 14429, 4211
1643143351320, 1643143387061, 8084, 0, 1116, 11008, 6246
1643143351322, 1643143390560, 8324, 0, 1351, 14236, 4127
1643143354181, 1643143371034, 998, 0, 338, 8490, 106
1643143357107, 1643143372100, 1251, 0, 374, 5995, 16
1643143357108, 1643143372097, 2434, 0, 1154, 3535, 13
1643143357110, 1643143390645, 2435, 0, 986, 15737, 4211
1643143357112, 1643143390560, 204, 0, 262, 18469, 6613
1643143357113, 1643143385121, 2361, 0, 321, 15089, 16
1643143357115, 1643143387061, 2433, 0, 844, 11048, 6247
1643143357115, 1643143390644, 203, 0, 408, 18619, 6980
1643143357118, 1643143382123, 2341, 0, 945, 11927, 13
1643143357125, 1643143392689, 1067, 0, 186, 25503, 60
1643143357125, 1643143392741, 213, 0, 194, 24199, 111
1643143357915, 1643143384159, 1482, 0, 1313, 16002, 52
1643143357915, 1643143381663, 1518, 0, 844, 11954, 122
1643143357915, 1643143384290, 1482, 0, 1311, 15687, 12
1643143357919, 1643143390645, 1721, 0, 1657, 14934, 4212
1643143357919, 1643143372098, 1721, 0, 862, 3528, 14
1643143357962, 1643143390644, 1796, 0, 1033, 13780, 4278
1643143357978, 1643143385120, 1458, 0, 840, 15464, 16
1643143357980, 1643143387532, 1660, 0, 1142, 15025, 18
1643143357983, 1643143372102, 1774, 0, 645, 2758, 17
1643143357983, 1643143372095, 1775, 0, 1050, 3434, 11
1643143357985, 1643143374466, 1773, 0, 2141, 1911, 102
1643143357985, 1643143384575, 1772, 0, 332, 14831, 10
1643143357987, 1643143390645, 1771, 0, 1039, 14518, 4212
1643143357989, 1643143390644, 1447, 0, 1339, 14413, 4211
1643143357995, 1643143387060, 1645, 0, 1043, 11141, 6246
1643143357995, 1643143373245, 1440, 0, 293, 2947, 416
1643143357995, 1643143393111, 1757, 0, 583, 20615, 91
1643143357995, 1643143372102, 1443, 0, 916, 2759, 17
1643143358005, 1643143374468, 1637, 0, 599, 1801, 103
1643143361614, 1643143390645, 366, 0, 1558, 15448, 4211
1643143361632, 1643143385590, 348, 0, 1443, 14074, 27
1643143361984, 1643143390645, 346, 0, 1253, 15059, 4212
1643143361991, 1643143390644, 326, 0, 608, 13989, 4211
1643143361997, 1643143393111, 247, 0, 1949, 17131, 92
1643143361997, 1643143392692, 248, 0, 1848, 17760, 63
1643143362007, 1643143392689, 308, 0, 995, 18325, 59
1643143362008, 1643143392763, 308, 0, 1555, 16938, 43
1643143362009, 1643143392692, 235, 0, 2002, 16964, 63
1643143363073, 1643143392691, 198, 0, 773, 20207, 62
1643143363074, 1643143385599, 133, 0, 496, 13906, 9
1643143363505, 1643143409338, 3396, 0, 217, 32609, 378
1643143365509, 1643143407994, 1207, 0, 361, 33247, 86
1643143365971, 1643143392691, 990, 0, 333, 17769, 62
1643143365984, 1643143393110, 1390, 0, 284, 16869, 90
1643143365984, 1643143412405, 1389, 0, 217, 30961, 4832
1643143366435, 1643143402108, 3193, 0, 887, 21354, 102
1643143368248, 1643143402512, 1311, 0, 388, 21905, 52
1643143368252, 1643143398378, 1370, 0, 144, 18337, 159
1643143368255, 1643143402513, 1322, 0, 701, 21634, 52
1643143371046, 1643143406235, 871, 0, 316, 21749, 4699
1643143372107, 1643143398287, 1033, 0, 422, 16398, 90
1643143372113, 1643143402594, 863, 0, 514, 21404, 112
1643143372114, 1643143393168, 934, 0, 347, 12617, 50
1643143372120, 1643143394435, 1021, 0, 480, 13475, 20
1643143372121, 1643143402107, 1021, 0, 1320, 18518, 101
1643143372121, 1643143401730, 856, 0, 526, 20826, 36
1643143372123, 1643143392692, 925, 0, 257, 10453, 63
1643143372186, 1643143402108, 963, 0, 543, 17692, 101
1643143373257, 1643143406678, 10854, 0, 303, 8168, 3635
1643143374481, 1643143402155, 405, 0, 191, 3799, 12938
1643143374483, 1643143420899, 404, 0, 399, 22815, 12732
1643143381680, 1643143406677, 7165, 0, 336, 5310, 3181
1643143382134, 1643143402107, 2325, 0, 822, 7767, 100
1643143384171, 1643143411463, 84, 0, 539, 19718, 21
1643143384300, 1643143427268, 16244, 0, 913, 18497, 122
1643143384589, 1643143402597, 130, 0, 798, 8113, 90
1643143385132, 1643143402512, 95, 0, 655, 7824, 52
1643143385137, 1643143406677, 193, 0, 290, 7295, 3737
1643143385601, 1643143402595, 572, 0, 431, 8437, 90
1643143385607, 1643143402506, 1255, 0, 352, 8026, 47
1643143387129, 1643143427355, 548, 0, 137, 23268, 7765
1643143387128, 1643143406678, 551, 0, 142, 7067, 3183
1643143387132, 1643143411442, 547, 0, 297, 9815, 4659
1643143387544, 1643143427355, 191, 0, 201, 22720, 7764
1643143390573, 1643143427270, 13503, 0, 576, 14446, 126
1643143390578, 1643143433036, 13465, 0, 294, 18070, 289
1643143390655, 1643143433035, 13388, 0, 831, 19529, 287
1643143390659, 1643143448215, 13418, 0, 529, 26204, 9094
1643143390659, 1643143427268, 13384, 0, 672, 14217, 124
1643143390659, 1643143433035, 13418, 0, 368, 18769, 287
1643143390660, 1643143433034, 13384, 0, 529, 19426, 287
1643143390663, 1643143433035, 13382, 0, 553, 19545, 288
1643143390666, 1643143448215, 13371, 0, 573, 25996, 9094
1643143390667, 1643143427268, 13409, 0, 550, 14217, 123
1643143390673, 1643143440914, 13402, 0, 460, 15015, 8719
1643143390673, 1643143433032, 13404, 0, 372, 18894, 285
1643143390874, 1643143409337, 239, 0, 345, 7223, 377
1643143392704, 1643143427354, 291, 0, 170, 16295, 7764
1643143392704, 1643143411442, 291, 0, 339, 6448, 4659
1643143392704, 1643143412739, 1666, 0, 235, 6049, 4916
1643143392707, 1643143440914, 7820, 0, 356, 21460, 8720
1643143392708, 1643143440912, 7889, 0, 590, 19428, 8717
1643143392715, 1643143427268, 8007, 0, 272, 17594, 123
1643143392717, 1643143427147, 8004, 0, 503, 13180, 21
1643143392752, 1643143426145, 2886, 0, 154, 17995, 1739
1643143392775, 1643143427270, 2869, 0, 160, 20257, 124
1643143393125, 1643143448216, 7638, 0, 145, 27616, 9095
1643143393125, 1643143427886, 7638, 0, 588, 14936, 83
1643143393125, 1643143433033, 7640, 0, 588, 18131, 287
1643143393178, 1643143412739, 1258, 0, 216, 6063, 4917
1643143394463, 1643143427269, 1344, 0, 564, 23199, 125
1643143398299, 1643143427354, 558, 0, 529, 13176, 7766
1643143398394, 1643143428680, 589, 0, 216, 18636, 19
1643143401741, 1643143431060, 1635, 0, 504, 19660, 170
1643143402132, 1643143433034, 1261, 0, 387, 18555, 287
1643143402133, 1643143427886, 1747, 0, 256, 14922, 83
1643143402136, 1643143434067, 1744, 0, 394, 18813, 376
1643143402138, 1643143434824, 1575, 0, 503, 18963, 1134
1643143402169, 1643143433033, 1711, 0, 204, 18271, 287
1643143402517, 1643143433033, 1212, 0, 429, 19158, 285
1643143402523, 1643143427270, 891, 0, 554, 14437, 123
1643143402525, 1643143427886, 889, 0, 376, 11897, 83
1643143402526, 1643143433034, 894, 0, 999, 18179, 288
1643143402606, 1643143448215, 1297, 0, 207, 26771, 9094
1643143402609, 1643143427146, 1189, 0, 302, 14979, 22
1643143402612, 1643143433036, 1291, 0, 843, 19516, 287
1643143406248, 1643143440911, 788, 0, 311, 17621, 8718
1643143406693, 1643143441239, 4725, 0, 1429, 19537, 17
1643143406695, 1643143450079, 4905, 0, 1439, 20692, 7613
1643143406699, 1643143449758, 4902, 0, 542, 27735, 111
1643143406701, 1643143449954, 4892, 0, 707, 27568, 306
1643143408005, 1643143442156, 7668, 0, 588, 18360, 211
1643143409351, 1643143442378, 207, 0, 1834, 20604, 88
1643143409356, 1643143448216, 315, 0, 673, 20193, 9094
1643143411494, 1643143448215, 851, 0, 1156, 18756, 9093
1643143411494, 1643143450078, 485, 0, 1854, 21281, 7613
1643143411496, 1643143449756, 1044, 0, 574, 27881, 110
1643143412422, 1643143441458, 299, 0, 394, 19553, 17
1643143412751, 1643143450078, 1040, 0, 688, 20627, 7613
1643143412752, 1643143450078, 215, 0, 850, 21298, 7613
1643143420915, 1643143454286, 7592, 0, 3587, 11558, 89
1643143426161, 1643143456590, 6853, 0, 632, 12108, 39
1643143427160, 1643143447772, 1384, 0, 407, 9304, 1833
1643143427163, 1643143454290, 1508, 0, 3360, 11289, 92
1643143427280, 1643143447964, 1265, 0, 741, 10175, 453
1643143427294, 1643143447771, 1252, 0, 949, 9119, 1832
1643143427294, 1643143447772, 916, 0, 500, 9583, 1759
1643143427295, 1643143456423, 1667, 0, 3259, 12875, 105
1643143427294, 1643143454286, 1668, 0, 3972, 11151, 88
1643143427298, 1643143447772, 915, 0, 611, 9734, 1831
1643143427306, 1643143453336, 1240, 0, 744, 9658, 6725
1643143427306, 1643143454287, 1240, 0, 4379, 11319, 92
1643143427364, 1643143453662, 1598, 0, 1544, 15568, 102
1643143427368, 1643143454290, 1179, 0, 2571, 13738, 92
1643143427369, 1643143454288, 1177, 0, 3363, 11874, 91
1643143427369, 1643143454285, 1595, 0, 3959, 11325, 89
1643143427899, 1643143454288, 877, 0, 4180, 11562, 91
1643143427901, 1643143454285, 672, 0, 4457, 11383, 89
1643143427902, 1643143454288, 1126, 0, 3187, 11332, 90
1643143428694, 1643143454289, 395, 0, 3096, 11432, 92
1643143431074, 1643143449963, 916, 0, 1999, 8611, 210
1643143433043, 1643143452561, 1162, 0, 330, 11005, 14
1643143433045, 1643143450536, 1160, 0, 642, 7985, 16
1643143433046, 1643143456424, 1135, 0, 203, 11376, 105
1643143433046, 1643143456250, 1135, 0, 195, 10358, 36
1643143433051, 1643143459276, 1154, 0, 1071, 11457, 94
1643143433054, 1643143454289, 1151, 0, 538, 10207, 92
1643143433060, 1643143456588, 1144, 0, 279, 12453, 38
1643143433060, 1643143454288, 979, 0, 424, 10502, 91
1643143433064, 1643143456424, 1142, 0, 640, 12042, 104
1643143433064, 1643143454285, 1119, 0, 512, 10201, 89
1643143433070, 1643143456588, 971, 0, 636, 12213, 40
1643143433111, 1643143454289, 928, 0, 178, 7468, 92
1643143434083, 1643143454286, 1138, 0, 648, 8103, 89
1643143434835, 1643143456077, 4267, 0, 1104, 4792, 242
1643143440924, 1643143455835, 453, 0, 939, 6223, 82
1643143440928, 1643143455770, 438, 0, 235, 4324, 85
1643143440928, 1643143455686, 381, 0, 796, 2887, 73
1643143440933, 1643143456171, 378, 0, 204, 5496, 107
1643143441250, 1643143455770, 659, 0, 346, 4430, 86
1643143441471, 1643143479477, 148, 0, 297, 18398, 9080
1643143442167, 1643143455616, 716, 0, 358, 4998, 65
1643143442395, 1643143480274, 7828, 0, 1003, 10580, 6879
1643143447844, 1643143476893, 1211, 0, 455, 9767, 8493
1643143447844, 1643143483924, 7392, 0, 204, 17736, 3084
1643143447847, 1643143471182, 1084, 0, 376, 3098, 10517
1643143447847, 1643143476605, 1208, 0, 174, 9536, 8444
1643143447974, 1643143479258, 966, 0, 470, 11076, 10064
1643143448225, 1643143479477, 2670, 0, 170, 11076, 9083
1643143448227, 1643143479476, 2708, 0, 797, 9675, 8968
1643143448229, 1643143462821, 2666, 0, 751, 1951, 18
1643143448231, 1643143479476, 2590, 0, 313, 10323, 9080
1643143448231, 1643143479476, 2589, 0, 221, 10894, 7816
1643143448236, 1643143479976, 2657, 0, 800, 10870, 6838
1643143449771, 1643143479476, 1167, 0, 272, 10970, 8135
1643143449775, 1643143479976, 1126, 0, 603, 10397, 7243
1643143449968, 1643143480274, 974, 0, 283, 10890, 6878
1643143449973, 1643143479975, 938, 0, 370, 12248, 8109
1643143450088, 1643143479476, 760, 0, 304, 10555, 9245
1643143450094, 1643143479975, 822, 0, 483, 12063, 8109
1643143450094, 1643143479975, 755, 0, 469, 11864, 8109
1643143450096, 1643143479476, 852, 0, 185, 10821, 9080
1643143450547, 1643143479975, 336, 0, 286, 12236, 6836
1643143452575, 1643143479476, 58, 0, 556, 10479, 7949
1643143453347, 1643143479975, 1368, 0, 258, 10071, 7242
1643143453673, 1643143479975, 1051, 0, 372, 10560, 6759
1643143454300, 1643143478052, 369, 0, 487, 11288, 21
1643143454303, 1643143483924, 460, 0, 482, 15364, 2316
1643143454305, 1643143483924, 455, 0, 328, 15183, 2750
1643143454306, 1643143480544, 457, 0, 234, 17190, 35
1643143454309, 1643143475348, 452, 0, 171, 9563, 16
1643143454311, 1643143475264, 449, 0, 332, 10105, 92
1643143454313, 1643143481647, 887, 0, 144, 15923, 37
1643143454315, 1643143483924, 888, 0, 188, 17633, 2357
1643143454315, 1643143500623, 746, 0, 773, 27858, 3670
1643143454316, 1643143478052, 886, 0, 469, 11115, 21
1643143454325, 1643143480026, 878, 0, 1191, 10398, 24
1643143454325, 1643143483924, 778, 0, 455, 15565, 2315
1643143454326, 1643143483924, 877, 0, 511, 14141, 2314
1643143454329, 1643143480546, 873, 0, 332, 14788, 34
1643143454330, 1643143476905, 734, 0, 253, 10693, 35
1643143454332, 1643143483924, 871, 0, 310, 14828, 2316
1643143455629, 1643143479976, 345, 0, 354, 8950, 6715
1643143455700, 1643143478053, 339, 0, 293, 11542, 22
1643143455783, 1643143480545, 199, 0, 216, 15493, 35
1643143455787, 1643143500624, 243, 0, 770, 29704, 3672
1643143455844, 1643143479974, 382, 0, 156, 9327, 6667
1643143456092, 1643143495412, 2072, 0, 872, 26069, 51
1643143456184, 1643143483924, 1022, 0, 308, 14670, 2315
1643143456263, 1643143480546, 1909, 0, 720, 11244, 35
1643143456434, 1643143480544, 1803, 0, 208, 10681, 34
1643143456437, 1643143480544, 826, 0, 715, 10872, 35
1643143456437, 1643143483925, 826, 0, 201, 14971, 2316
1643143456604, 1643143495413, 1685, 0, 1146, 26346, 51
1643143456605, 1643143495607, 665, 0, 813, 24359, 3173
1643143456606, 1643143480546, 675, 0, 725, 10669, 35
1643143459291, 1643143483659, 418, 0, 726, 12198, 202
1643143462837, 1643143486198, 1367, 0, 1168, 13398, 66
1643143471193, 1643143498590, 8340, 0, 268, 9358, 57
1643143475283, 1643143489042, 268, 0, 249, 4394, 22
1643143475364, 1643143495273, 515, 0, 255, 5766, 4462
1643143476615, 1643143495274, 1555, 0, 592, 3951, 4464
1643143476904, 1643143495205, 525, 0, 686, 8658, 74
1643143476920, 1643143499328, 301, 0, 126, 3991, 7421
1643143478105, 1643143495274, 301, 0, 373, 3261, 4464
1643143478105, 1643143496425, 298, 0, 201, 3526, 5027
1643143478110, 1643143495607, 300, 0, 212, 3745, 3071
1643143479268, 1643143504241, 647, 0, 155, 9140, 4183
1643143479486, 1643143495210, 480, 0, 272, 5648, 77
1643143479486, 1643143498592, 320, 0, 268, 9700, 60
1643143479488, 1643143503240, 318, 0, 140, 12509, 143
1643143479490, 1643143503240, 476, 0, 155, 13847, 144
1643143479493, 1643143495132, 493, 0, 371, 5619, 155
1643143479493, 1643143502724, 493, 0, 323, 9424, 1892
1643143479495, 1643143495211, 491, 0, 287, 5539, 78
1643143479496, 1643143499328, 472, 0, 272, 3808, 7228
1643143479498, 1643143503991, 469, 0, 401, 14160, 42
1643143479985, 1643143502724, 627, 0, 161, 9281, 1892
1643143479987, 1643143504241, 625, 0, 147, 8998, 4183
1643143479990, 1643143502951, 1079, 0, 314, 12465, 113
1643143479992, 1643143504241, 1054, 0, 276, 9807, 4182
1643143479994, 1643143503991, 615, 0, 250, 14020, 42
1643143479995, 1643143504241, 1075, 0, 312, 9119, 4183
1643143479995, 1643143500061, 1076, 0, 230, 8065, 462
1643143479998, 1643143504242, 1073, 0, 310, 9398, 4185
1643143480004, 1643143527364, 15397, 0, 1259, 12111, 8202
1643143480006, 1643143527364, 15395, 0, 837, 12180, 8202
1643143480072, 1643143504241, 544, 0, 315, 8906, 4183
1643143480307, 1643143503992, 778, 0, 286, 12352, 43
1643143480309, 1643143503994, 800, 0, 312, 12313, 45
1643143480556, 1643143503240, 509, 0, 178, 12621, 143
1643143480557, 1643143503241, 617, 0, 234, 12504, 144
1643143480560, 1643143503992, 623, 0, 215, 12384, 43
1643143480560, 1643143527365, 3903, 0, 276, 22903, 8557
1643143480568, 1643143527364, 3907, 0, 138, 24185, 8555
1643143480568, 1643143505328, 3216, 0, 181, 10980, 70
1643143480568, 1643143527362, 3890, 0, 235, 23892, 8555
1643143481657, 1643143527362, 13733, 0, 1027, 12289, 8201
1643143483676, 1643143527362, 237, 0, 272, 24080, 8555
1643143483936, 1643143527364, 576, 0, 844, 21279, 8557
1643143483938, 1643143527362, 496, 0, 2237, 20352, 8555
1643143483940, 1643143503991, 494, 0, 303, 10113, 42
1643143483941, 1643143503994, 492, 0, 243, 10343, 43
1643143483944, 1643143512079, 491, 0, 193, 18109, 864
1643143483944, 1643143498592, 490, 0, 140, 4925, 58
1643143483945, 1643143503993, 564, 0, 270, 10065, 44
1643143483946, 1643143503992, 567, 0, 333, 10204, 43
1643143483951, 1643143503992, 564, 0, 179, 10281, 42
1643143486215, 1643143512080, 309, 0, 195, 16538, 865
1643143489053, 1643143503992, 306, 0, 242, 6129, 43
1643143495143, 1643143527361, 2089, 0, 291, 11604, 8199
1643143495215, 1643143515387, 897, 0, 715, 10449, 164
1643143495223, 1643143527177, 790, 0, 1216, 12353, 8016
1643143495225, 1643143527363, 791, 0, 1201, 12071, 8202
1643143495284, 1643143514162, 835, 0, 721, 8722, 1041
1643143495285, 1643143525665, 745, 0, 1157, 10672, 8816
1643143495287, 1643143527361, 832, 0, 1122, 12545, 8200
1643143495425, 1643143527362, 640, 0, 517, 11691, 8201
1643143495430, 1643143527361, 1813, 0, 296, 12103, 8200
1643143495624, 1643143544909, 8764, 0, 448, 29538, 51
1643143495626, 1643143527362, 4502, 0, 281, 11571, 6660
1643143496438, 1643143527361, 3665, 0, 279, 11406, 6626
1643143498601, 1643143526147, 1226, 0, 322, 17316, 28
1643143498603, 1643143526149, 1085, 0, 222, 18296, 28
1643143498608, 1643143527362, 1216, 0, 474, 11593, 6242
1643143499339, 1643143544909, 499, 0, 946, 33195, 50
1643143499341, 1643143526147, 356, 0, 223, 18187, 28
1643143500074, 1643143540043, 4841, 0, 284, 19725, 5345
1643143500635, 1643143540045, 4275, 0, 560, 21072, 3433
1643143500636, 1643143527741, 4460, 0, 480, 11770, 32
1643143502735, 1643143527507, 408, 0, 260, 15509, 38
1643143502736, 1643143527503, 755, 0, 1530, 15574, 33
1643143502963, 1643143526147, 630, 0, 2498, 11192, 27
1643143503251, 1643143526150, 1131, 0, 2195, 11214, 29
1643143503253, 1643143535290, 1455, 0, 531, 18771, 2097
1643143503253, 1643143534357, 1129, 0, 1239, 17666, 2157
1643143503253, 1643143526149, 1128, 0, 2184, 11435, 28
1643143504042, 1643143526146, 855, 0, 1502, 11767, 64
1643143504042, 1643143534524, 855, 0, 1235, 17116, 2749
1643143504043, 1643143526150, 853, 0, 637, 10277, 30
1643143504047, 1643143527504, 662, 0, 1635, 12715, 34
1643143504048, 1643143527506, 849, 0, 1031, 12730, 36
1643143504049, 1643143526148, 661, 0, 738, 11165, 27
1643143504052, 1643143526150, 658, 0, 266, 11078, 30
1643143504052, 1643143544990, 846, 0, 455, 29515, 132
1643143504053, 1643143526149, 838, 0, 843, 10192, 28
1643143504054, 1643143527507, 656, 0, 945, 12625, 36
1643143504061, 1643143526147, 1034, 0, 381, 10841, 26
1643143504265, 1643143527502, 856, 0, 1333, 12898, 33
1643143504270, 1643143539854, 854, 0, 335, 23558, 62
1643143504270, 1643143535291, 853, 0, 354, 18698, 1967
1643143504270, 1643143526148, 851, 0, 1537, 11005, 27
1643143504275, 1643143526146, 659, 0, 1489, 11555, 28
1643143504276, 1643143527740, 849, 0, 375, 12866, 33
1643143505338, 1643143526233, 355, 0, 508, 9894, 112
1643143512092, 1643143540042, 10069, 0, 228, 9934, 130
1643143512092, 1643143539979, 10066, 0, 356, 9685, 67
1643143514172, 1643143539979, 692, 0, 976, 16204, 67
1643143515399, 1643143541094, 10423, 0, 614, 6270, 36
1643143525682, 1643143544730, 1152, 0, 590, 8507, 96
1643143526162, 1643143544027, 647, 0, 382, 5759, 1113
1643143526163, 1643143541093, 593, 0, 575, 3445, 36
1643143526164, 1643143541093, 672, 0, 457, 5313, 36
1643143526168, 1643143541094, 587, 0, 571, 3645, 36
1643143526168, 1643143544239, 666, 0, 518, 8588, 17
1643143526174, 1643143541110, 661, 0, 471, 3199, 52
1643143526174, 1643143541094, 581, 0, 816, 3169, 37
1643143526176, 1643143544632, 579, 0, 400, 8025, 168
1643143526179, 1643143541110, 577, 0, 447, 4639, 50
1643143526179, 1643143541094, 577, 0, 682, 4305, 37
1643143526181, 1643143541021, 655, 0, 249, 5878, 117
1643143526189, 1643143541149, 647, 0, 327, 3952, 91
1643143526189, 1643143544389, 569, 0, 481, 8133, 74
1643143526189, 1643143541095, 568, 0, 388, 2886, 37
1643143526246, 1643143544164, 589, 0, 654, 6189, 62
1643143527209, 1643143562288, 2056, 0, 389, 22690, 54
1643143527374, 1643143562288, 1897, 0, 525, 21629, 53
1643143527376, 1643143541096, 1573, 0, 198, 3400, 38
1643143527380, 1643143569770, 1568, 0, 398, 22124, 6964
1643143527381, 1643143562288, 1789, 0, 681, 20519, 52
1643143527383, 1643143569769, 1568, 0, 260, 23464, 6964
1643143527386, 1643143550874, 1785, 0, 404, 9546, 81
1643143527388, 1643143569770, 1564, 0, 207, 22246, 6963
1643143527389, 1643143559638, 1782, 0, 288, 19991, 15
1643143527397, 1643143569770, 1555, 0, 310, 22167, 6965
1643143527397, 1643143562290, 1875, 0, 256, 22523, 54
1643143527398, 1643143541095, 1556, 0, 254, 3350, 37
1643143527403, 1643143569769, 1875, 0, 572, 21403, 6965
1643143527403, 1643143562290, 1814, 0, 303, 21900, 54
1643143527405, 1643143562288, 1812, 0, 1345, 19154, 53
1643143527405, 1643143569769, 1873, 0, 305, 21991, 6964
1643143527410, 1643143562289, 1561, 0, 628, 20974, 52
1643143527411, 1643143569772, 1558, 0, 303, 23360, 6966
1643143527538, 1643143550874, 1755, 0, 231, 13134, 81
1643143527540, 1643143561193, 1704, 0, 243, 13650, 7153
1643143527540, 1643143562288, 1579, 0, 324, 22949, 53
1643143527540, 1643143541094, 1752, 0, 271, 3403, 37
1643143527544, 1643143550875, 1700, 0, 221, 12014, 82
1643143527544, 1643143546095, 1749, 0, 336, 8548, 60
1643143527756, 1643143541093, 1555, 0, 408, 2672, 36
1643143527760, 1643143562289, 1407, 0, 1350, 19330, 52
1643143534371, 1643143562337, 1057, 0, 225, 8242, 8499
1643143534810, 1643143569770, 7686, 0, 251, 11323, 6965
1643143535302, 1643143569768, 7196, 0, 338, 9986, 6964
1643143535304, 1643143569768, 7194, 0, 278, 9492, 6963
1643143539871, 1643143569770, 246, 0, 316, 11781, 6965
1643143539990, 1643143573020, 2511, 0, 184, 22253, 89
1643143539990, 1643143571020, 2511, 0, 430, 12496, 4758
1643143540054, 1643143573013, 1534, 0, 324, 22576, 87
1643143540055, 1643143562198, 2509, 0, 158, 10634, 650
1643143540059, 1643143570945, 1527, 0, 325, 13986, 5029
1643143541032, 1643143570944, 1658, 0, 281, 12850, 4784
1643143541105, 1643143572584, 1625, 0, 283, 21929, 50
1643143541109, 1643143573019, 1590, 0, 210, 22433, 87
1643143525630, 1643143562290, 1590, 0, 1025, 19305, 53
1643143525102, 1643143562290, 2118, 0, 1303, 19770, 53
1643143525551, 1643143547080, 1907, 0, 221, 7845, 14
1643143527086, 1643143569769, 6626, 0, 210, 18119, 6963
1643143541110, 1643143569768, 1868, 0, 982, 9965, 6964
1643143541113, 1643143569769, 1584, 0, 251, 9839, 6966
1643143541114, 1643143573014, 1865, 0, 260, 22042, 86
1643143541115, 1643143572721, 1830, 0, 287, 22145, 18
1643143541116, 1643143569768, 1583, 0, 391, 9793, 6964
1643143541121, 1643143569770, 1858, 0, 577, 9904, 6964
1643143541124, 1643143569770, 1821, 0, 820, 9676, 6964
1643143541126, 1643143571078, 1574, 0, 468, 14103, 4387
1643143531664, 1643143569771, 8673, 0, 429, 9586, 6959
1643143541127, 1643143569771, 1818, 0, 823, 9970, 6965
1643143541128, 1643143571078, 1817, 0, 285, 12781, 4387
1643143541134, 1643143569771, 1565, 0, 580, 10115, 6965
1643143541165, 1643143569769, 1548, 0, 448, 9464, 6964
1643143544039, 1643143571080, 327, 0, 503, 11697, 4386
1643143544181, 1643143571080, 244, 0, 302, 11726, 4386
1643143544252, 1643143569768, 217, 0, 256, 9758, 6965
1643143544407, 1643143571079, 215, 0, 335, 12654, 4387
1643143544708, 1643143572777, 554, 0, 173, 17967, 75
1643143544742, 1643143573015, 745, 0, 473, 18124, 86
1643143544929, 1643143573014, 1505, 0, 912, 15410, 87
1643143544931, 1643143572931, 1504, 0, 922, 15531, 46
1643143545007, 1643143573017, 1424, 0, 1014, 15815, 86
1643143546105, 1643143573013, 809, 0, 841, 17463, 87
1643143550886, 1643143569718, 734, 0, 570, 10136, 59
1643143550898, 1643143572627, 1021, 0, 907, 10433, 94
1643143550898, 1643143572626, 1287, 0, 845, 8304, 2614
1643143559650, 1643143593392, 101, 0, 297, 22928, 667
1643143561210, 1643143578286, 613, 0, 264, 6842, 60
1643143562211, 1643143580413, 2614, 0, 534, 7280, 351
1643143562307, 1643143579962, 928, 0, 322, 5190, 90
1643143562307, 1643143580101, 1150, 0, 343, 4903, 87
1643143562308, 1643143578286, 1148, 0, 737, 4733, 62
1643143562309, 1643143593392, 699, 0, 1045, 19248, 668
1643143562313, 1643143584588, 1145, 0, 913, 5690, 5294
1643143562316, 1643143579962, 695, 0, 436, 5086, 90
1643143562316, 1643143579871, 1142, 0, 257, 4951, 115
1643143562324, 1643143580414, 2532, 0, 277, 4132, 1004
1643143562324, 1643143579962, 2500, 0, 483, 3526, 91
1643143562347, 1643143580113, 965, 0, 893, 7064, 51
1643143569732, 1643143582228, 2321, 0, 188, 1261, 90
1643143569779, 1643143596858, 1489, 0, 211, 4987, 11436
1643143569784, 1643143596858, 1722, 0, 360, 5503, 11435
1643143569785, 1643143595466, 1482, 0, 496, 15826, 9
1643143569790, 1643143593492, 1715, 0, 147, 6133, 6192
1643143569791, 1643143604374, 1477, 0, 344, 14488, 7754
1643143569794, 1643143604372, 1474, 0, 505, 18011, 7030
1643143569797, 1643143604374, 1709, 0, 299, 14208, 7032
1643143569797, 1643143596860, 1709, 0, 366, 5599, 11437
1643143569803, 1643143604374, 1466, 0, 438, 13549, 7031
1643143569802, 1643143604374, 1465, 0, 428, 14953, 7032
1643143569806, 1643143596454, 1463, 0, 376, 15631, 13
1643143569809, 1643143604374, 1460, 0, 475, 14271, 7031
1643143569811, 1643143596857, 1458, 0, 119, 3982, 13097
1643143569814, 1643143604374, 1692, 0, 285, 15139, 7031
1643143569814, 1643143596856, 1693, 0, 267, 2278, 13697
1643143569818, 1643143594813, 1451, 0, 197, 5920, 7342
1643143569819, 1643143594812, 1690, 0, 341, 6593, 7320
1643143569820, 1643143604376, 1506, 0, 244, 14547, 7755
1643143569822, 1643143604373, 1687, 0, 263, 14631, 7031
1643143569829, 1643143594814, 1495, 0, 137, 11580, 102
1643143570954, 1643143604372, 2111, 0, 224, 13971, 7030
1643143570966, 1643143604374, 2165, 0, 400, 12458, 7031
1643143571030, 1643143604372, 2035, 0, 366, 14816, 7031
1643143571108, 1643143596860, 1888, 0, 212, 2060, 13340
1643143571109, 1643143604141, 1956, 0, 204, 15006, 6799
1643143571113, 1643143604373, 2018, 0, 202, 14421, 7031
1643143571115, 1643143604374, 2015, 0, 268, 12553, 7031
1643143571115, 1643143595471, 1948, 0, 246, 10282, 13
1643143572598, 1643143604371, 582, 0, 388, 13950, 7030
1643143572636, 1643143604374, 543, 0, 469, 14539, 7351
1643143572639, 1643143604373, 623, 0, 253, 14742, 7031
1643143572733, 1643143595466, 535, 0, 197, 14042, 10
1643143572810, 1643143604375, 464, 0, 279, 14851, 7031
1643143572941, 1643143604373, 320, 0, 311, 13475, 7030
1643143573025, 1643143604141, 286, 0, 285, 14169, 6798
1643143573032, 1643143604141, 356, 0, 180, 14114, 6799
1643143573032, 1643143604374, 280, 0, 336, 11928, 7031
1643143573033, 1643143604372, 357, 0, 310, 14058, 7031
1643143573033, 1643143604372, 337, 0, 467, 14589, 7030
1643143573033, 1643143595469, 337, 0, 161, 10085, 11
1643143573039, 1643143604141, 274, 0, 228, 15742, 6799
1643143573042, 1643143604372, 330, 0, 149, 14459, 7030
1643143578304, 1643143610440, 304, 0, 733, 22781, 267
1643143578305, 1643143616041, 203, 0, 631, 24993, 3354
1643143579887, 1643143604994, 303, 0, 3569, 10213, 75
1643143579977, 1643143604994, 267, 0, 244, 13932, 74
1643143579982, 1643143604472, 263, 0, 348, 13319, 64
1643143579985, 1643143610140, 156, 0, 551, 18808, 34
1643143580120, 1643143610440, 772, 0, 230, 18826, 267
1643143580130, 1643143624992, 761, 0, 920, 28776, 6122
1643143580426, 1643143624992, 2522, 0, 4853, 24292, 5898
1643143580428, 1643143604995, 329, 0, 4354, 8888, 76
1643143582239, 1643143624991, 816, 0, 4644, 24250, 5897
1643143584605, 1643143615597, 12316, 0, 497, 9470, 41
1643143593408, 1643143615597, 158, 0, 1771, 11455, 42
1643143593409, 1643143612063, 84, 0, 1195, 8065, 154
1643143593502, 1643143610756, 146, 0, 215, 9901, 13
1643143594827, 1643143606883, 221, 0, 513, 1946, 54
1643143594828, 1643143612383, 220, 0, 181, 6796, 126
1643143594830, 1643143612253, 293, 0, 634, 7517, 101
1643143595478, 1643143612100, 117, 0, 1243, 8468, 59
1643143595479, 1643143615597, 117, 0, 804, 11919, 41
1643143595483, 1643143615962, 206, 0, 591, 9587, 69
1643143595485, 1643143615598, 115, 0, 261, 9520, 42
1643143596467, 1643143615597, 191, 0, 227, 10423, 41
1643143596870, 1643143617798, 7984, 0, 297, 3490, 26
1643143596877, 1643143617797, 7896, 0, 904, 3446, 26
1643143596877, 1643143624991, 7897, 0, 300, 4543, 5012
1643143596877, 1643143617797, 7976, 0, 1009, 3619, 27
1643143596882, 1643143617797, 7891, 0, 710, 3118, 27
1643143596884, 1643143624992, 7404, 0, 168, 5185, 5055
1643143604155, 1643143624990, 833, 0, 913, 5106, 5011
1643143604157, 1643143624990, 1472, 0, 456, 4821, 5012
1643143604158, 1643143617797, 831, 0, 617, 3248, 26
1643143604162, 1643143617798, 1469, 0, 372, 3947, 28
1643143604384, 1643143624991, 1112, 0, 336, 8874, 159
1643143604387, 1643143617797, 1108, 0, 364, 3631, 27
1643143604387, 1643143624919, 1109, 0, 491, 8855, 87
1643143604392, 1643143617797, 1249, 0, 383, 1221, 26
1643143604394, 1643143617798, 1248, 0, 497, 1652, 29
1643143604396, 1643143624990, 1101, 0, 181, 5747, 4352
1643143604396, 1643143617798, 677, 0, 636, 3051, 27
1643143604405, 1643143624992, 1236, 0, 162, 4636, 5013
1643143604405, 1643143616955, 1091, 0, 525, 1387, 102
1643143604411, 1643143617969, 1230, 0, 584, 3031, 197
1643143604411, 1643143617797, 673, 0, 284, 1649, 27
1643143604410, 1643143624992, 1085, 0, 472, 5365, 5013
1643143604421, 1643143624919, 1220, 0, 481, 8146, 88
1643143604421, 1643143635730, 665, 0, 1563, 9689, 6950
1643143604421, 1643143617798, 1076, 0, 438, 2686, 28
1643143604427, 1643143624919, 658, 0, 185, 8549, 87
1643143604428, 1643143635164, 1069, 0, 900, 9354, 6560
1643143604430, 1643143634915, 1212, 0, 1203, 9092, 6493
1643143604431, 1643143625097, 1210, 0, 392, 8385, 64
1643143604434, 1643143635730, 1208, 0, 810, 9548, 6946
1643143604435, 1643143639288, 11160, 0, 519, 9864, 2840
1643143604436, 1643143639288, 11157, 0, 222, 10382, 3705
1643143604438, 1643143641827, 11144, 0, 1529, 10749, 3548
1643143604487, 1643143641827, 10923, 0, 160, 11263, 3801
1643143605015, 1643143624919, 557, 0, 344, 8591, 86
1643143605015, 1643143624919, 559, 0, 488, 8522, 86
1643143605023, 1643143623738, 551, 0, 287, 4999, 2872
1643143606898, 1643143625744, 390, 0, 220, 9553, 217
1643143610154, 1643143631217, 444, 0, 158, 10215, 74
1643143610452, 1643143625743, 259, 0, 136, 4328, 217
1643143610454, 1643143635730, 259, 0, 304, 8804, 6949
1643143610769, 1643143625744, 85, 0, 213, 7451, 218
1643143612077, 1643143641727, 619, 0, 208, 14660, 4781
1643143612118, 1643143641827, 547, 0, 193, 16136, 3627
1643143612266, 1643143630528, 537, 0, 224, 7471, 220
1643143612683, 1643143629556, 3525, 0, 990, 1854, 56
1643143615609, 1643143639287, 2872, 0, 784, 7773, 3705
1643143615617, 1643143641827, 3278, 0, 244, 9420, 3548
1643143615617, 1643143641827, 2864, 0, 782, 9477, 3548
1643143615618, 1643143641827, 3277, 0, 479, 8239, 3548
1643143615626, 1643143639239, 2798, 0, 320, 10726, 368
1643143615977, 1643143639288, 537, 0, 1076, 8134, 2838
1643143616054, 1643143649360, 9220, 0, 1351, 7610, 6581
1643143616973, 1643143649503, 8214, 0, 1042, 7900, 6723
1643143617808, 1643143629658, 1023, 0, 469, 2638, 11
1643143617814, 1643143639287, 1368, 0, 452, 7519, 3922
1643143617814, 1643143639586, 1365, 0, 595, 10691, 941
1643143617817, 1643143639587, 1366, 0, 688, 8217, 940
1643143617820, 1643143639289, 1012, 0, 482, 8271, 3706
1643143617820, 1643143639288, 974, 0, 479, 8173, 3705
1643143617823, 1643143639352, 1361, 0, 350, 11180, 707
1643143617827, 1643143641827, 1354, 0, 347, 11337, 3625
1643143617830, 1643143639289, 965, 0, 279, 8210, 2761
1643143617830, 1643143642611, 1353, 0, 174, 13112, 489
1643143617833, 1643143639288, 961, 0, 588, 7859, 3705
1643143617834, 1643143641828, 1352, 0, 255, 8885, 3549
1643143617983, 1643143649360, 7291, 0, 1337, 7797, 6580
1643143623756, 1643143649361, 281, 0, 1156, 7398, 6580
1643143624933, 1643143652999, 886, 0, 299, 16108, 119
1643143624939, 1643143649503, 888, 0, 148, 6746, 6722
1643143624940, 1643143649504, 996, 0, 286, 6929, 6723
1643143624939, 1643143649360, 883, 0, 1058, 7616, 6580
1643143624944, 1643143653165, 993, 0, 321, 16144, 49
1643143625004, 1643143649360, 936, 0, 1263, 7722, 6581
1643143625004, 1643143649360, 1616, 0, 259, 7829, 5970
1643143625008, 1643143649503, 932, 0, 246, 7107, 6723
1643143625008, 1643143649360, 983, 0, 764, 7777, 6581
1643143625010, 1643143649502, 980, 0, 963, 7765, 6723
1643143625019, 1643143649502, 922, 0, 845, 7964, 5936
1643143625019, 1643143649360, 974, 0, 568, 7620, 6581
1643143625020, 1643143649361, 972, 0, 849, 7604, 6580
1643143625020, 1643143653164, 1595, 0, 251, 16795, 49
1643143625058, 1643143653164, 3262, 0, 413, 14922, 50
1643143625058, 1643143649360, 1670, 0, 377, 7201, 6580
1643143625113, 1643143653165, 1615, 0, 155, 14515, 47
1643143625755, 1643143649360, 607, 0, 469, 7250, 6581
1643143625758, 1643143649362, 603, 0, 366, 13574, 149
1643143625760, 1643143652882, 735, 0, 243, 15831, 153
1643143629572, 1643143652883, 257, 0, 132, 11966, 153
1643143629670, 1643143641064
1643143630541, 1643143653164, 1122, 0, 282, 12309, 50
1643143631229, 1643143652885, 828, 0, 149, 9786, 155
1643143634929, 1643143669426, 4563, 0, 426, 12515, 5106
1643143635181, 1643143663162, 4425, 0, 2047, 7055, 2978
1643143635749, 1643143669426, 3853, 0, 1029, 13377, 4932
1643143635749, 1643143669427, 3857, 0, 545, 15035, 4934
1643143635749, 1643143669426, 3857, 0, 405, 12607, 5104
1643143639275, 1643143663334, 1641, 0, 506, 6499, 3150
1643143639301, 1643143669425, 1561, 0, 835, 13885, 5105
1643143639302, 1643143656604, 1626, 0, 460, 7263, 14
1643143639303, 1643143663335, 1559, 0, 790, 6577, 3785
1643143639307, 1643143669427, 943, 0, 955, 13904, 5110
1643143639308, 1643143669426, 1555, 0, 955, 14181, 5105
1643143639310, 1643143669427, 1552, 0, 1054, 13780, 5107
1643143639313, 1643143663162, 938, 0, 1720, 7101, 2977
1643143639314, 1643143663334, 1611, 0, 1522, 6479, 3785
1643143639317, 1643143669427, 1546, 0, 454, 14427, 4932
1643143639407, 1643143669425, 1539, 0, 725, 14081, 5106
1643143639598, 1643143655687, 3257, 0, 1625, 3869, 86
1643143639603, 1643143669427, 3250, 0, 240, 10453, 4935
1643143641081, 1643143669425, 4174, 0, 220, 10899, 5108
1643143641739, 1643143669429, 4342, 0, 281, 8938, 5110
1643143641838, 1643143663335, 1023, 0, 796, 6811, 3784
1643143641839, 1643143663334, 1036, 0, 1010, 6483, 3785
1643143641846, 1643143666723, 889, 0, 355, 13724, 215
1643143641840, 1643143655687, 1014, 0, 1220, 3438, 84
1643143641847, 1643143663333, 1014, 0, 1709, 7270, 3785
1643143641848, 1643143669427, 1027, 0, 315, 10426, 5107
1643143641848, 1643143669425, 887, 0, 248, 9994, 5105
1643143641848, 1643143663334, 887, 0, 717, 6585, 3785
1643143642629, 1643143663335, 415, 0, 915, 6935, 2915
1643143649378, 1643143664329
1643143649378, 1643143664330
1643143649377, 1643143664331
1643143649382, 1643143664331
1643143649382, 1643143664332
1643143649388, 1643143664329
1643143649388, 1643143664331
1643143649388, 1643143664329
1643143649394, 1643143664329
1643143649396, 1643143664329
1643143649400, 1643143664336
1643143649401, 1643143664330
1643143649518, 1643143674711, 6803, 0, 195, 6212, 147
1643143649518, 1643143667593, 6811, 0, 1343, 2870, 121
1643143649518, 1643143673097, 6810, 0, 337, 7791, 11
1643143649519, 1643143674330, 6809, 0, 373, 6272, 32
1643143649519, 1643143671757, 6693, 0, 1184, 6308, 953
1643143649527, 1643143673244, 6688, 0, 625, 4722, 1497
1643143652898, 1643143673243, 521, 0, 151, 7760, 1581
1643143652904, 1643143673100, 642, 0, 270, 8719, 13
1643143652904, 1643143673114, 628, 0, 267, 7653, 29
1643143653018, 1643143673113, 409, 0, 195, 9141, 26
1643143653176, 1643143676410, 3035, 0, 462, 7827, 81
1643143653181, 1643143673112, 3147, 0, 628, 5267, 27
1643143653181, 1643143673085, 3101, 0, 1079, 6705, 225
1643143653182, 1643143676677, 3137, 0, 232, 7814, 1072
1643143653186, 1643143673097, 3143, 0, 883, 6964, 12
1643143655701, 1643143664330
1643143655710, 1643143664329
1643143656616, 1643143673094, 72, 0, 1788, 7688, 10
1643143663183, 1643143693583, 402, 0, 604, 18913, 65
1643143663184, 1643143681108, 589, 0, 715, 6975, 20
1643143663496, 1643143693584, 7022, 0, 1018, 12472, 61
1643143663502, 1643143697217, 5866, 0, 788, 15168, 1618
1643143663503, 1643143697218, 6459, 0, 368, 13438, 2880
1643143663503, 1643143693584, 7016, 0, 229, 11313, 64
1643143663504, 1643143697217, 7014, 0, 778, 15149, 1617
1643143663517, 1643143697217, 7003, 0, 899, 13358, 1619
1643143663517, 1643143693584, 7003, 0, 372, 12960, 66
1643143663523, 1643143693583, 6995, 0, 672, 12768, 66
1643143664342, 1643143693582, 5744, 0, 791, 12874, 66
1643143664347, 1643143697217, 5613, 0, 1182, 14320, 1618
1643143664347, 1643143697217, 5614, 0, 982, 13287, 2881
1643143664347, 1643143693584, 5615, 0, 1275, 12758, 62
1643143664349, 1643143697216, 5613, 0, 199, 16442, 1618
1643143664354, 1643143697218, 5732, 0, 982, 13574, 2881
1643143664356, 1643143697217, 6163, 0, 1183, 13180, 2882
1643143664359, 1643143697217, 5602, 0, 269, 15409, 2880
1643143664362, 1643143693582, 5558, 0, 277, 13872, 67
1643143664362, 1643143697319, 6156, 0, 374, 15823, 16
1643143664364, 1643143697311, 6155, 0, 489, 17079, 10
1643143664368, 1643143697217, 6114, 0, 1014, 13255, 2882
1643143664368, 1643143697217, 5593, 0, 392, 14320, 1619
1643143664374, 1643143697217, 5667, 0, 1079, 14674, 1618
1643143666737, 1643143682333, 347, 0, 409, 4132, 66
1643143667605, 1643143697217, 3657, 0, 289, 13248, 2881
1643143669440, 1643143693582, 1833, 0, 375, 11056, 64
1643143669444, 1643143693584, 1890, 0, 396, 10807, 65
1643143669444, 1643143693584, 1890, 0, 288, 10753, 64
1643143669445, 1643143682179, 1819, 0, 383, 1391, 69
1643143669452, 1643143697216, 1903, 0, 214, 12998, 2881
1643143669454, 1643143697216, 1880, 0, 285, 13502, 2880
1643143669460, 1643143697317, 1804, 0, 276, 15456, 15
1643143669460, 1643143697318, 1802, 0, 416, 14031, 16
1643143669466, 1643143697315, 1797, 0, 587, 16200, 13
1643143669466, 1643143693732, 1798, 0, 904, 10919, 215
1643143669466, 1643143697316, 1888, 0, 287, 15374, 14
1643143669470, 1643143697217, 1863, 0, 408, 12444, 2882
1643143669474, 1643143693584, 1859, 0, 515, 11180, 65
1643143669474, 1643143693583, 1880, 0, 507, 11413, 65
1643143669672, 1643143693733, 2077, 0, 215, 10786, 214
1643143671769, 1643143693584, 1693, 0, 600, 10968, 68
1643143673104, 1643143697314, 542, 0, 969, 13048, 12
1643143673113, 1643143693584, 110, 0, 243, 10733, 65
1643143673114, 1643143697318, 66, 0, 300, 14636, 16
1643143673114, 1643143697318, 105, 0, 314, 14990, 16
1643143673117, 1643143697317, 277, 0, 863, 12168, 15
1643143673188, 1643143702931, 328, 0, 610, 16579, 60
1643143673688, 1643143696962, 892, 0, 913, 10074, 20
1643143674189, 1643143702931, 627, 0, 680, 17177, 59
1643143674692, 1643143702725, 439, 0, 476, 16720, 12
1643143675189, 1643143699908, 1955, 0, 2930, 11132, 89
1643143675687, 1643143703481, 1191, 0, 2641, 13993, 15
1643143676192, 1643143701873, 1570, 0, 1145, 11742, 1078
1643143676687, 1643143701500, 1200, 0, 2126, 12115, 600
1643143677197, 1643143703723, 530, 0, 1543, 14300, 14
1643143681124, 1643143705936, 12785, 0, 283, 1627, 15
